Tool Name,Slug,Bundle,Widget Type,Primary CTA,Partner Use,Asset Type,Next Build Step,Source Notion ID
Working Capital Estimator,working-capital-estimator,Funding Readiness Widget Pack,Estimator,Apply Now,Funding pre-check for small business owners,Widget + landing page,Build static widget and embed page,3664bc1b-d63c-81ef-bc27-f9a72d9751d3
Merchant Processing Savings Estimator,merchant-processing-savings-estimator,Merchant Services Toolkit,Estimator,Get Audit,Merchant-cost savings conversation starter,Widget + sales page,Create savings calculator brief,3664bc1b-d63c-81e7-9a6e-cd0469b5ec1d
Content Site Valuation Estimator,content-site-valuation-estimator,Micro Acquisition Toolkit,Estimator,Get Audit,Content-site valuation lead magnet,Widget + report page,Create valuation inputs and range logic,3664bc1b-d63c-81ce-b8dc-f6bf1a535ae0
Tax Reserve Estimator,tax-reserve-estimator,CFO-in-a-Box Survival Pack,Estimator,Download Template,Tax cash-reserve planning tool,Widget + checklist,Create reserve calculator logic,3664bc1b-d63c-81ba-a46f-c01b1e113349
Debt Stack Risk Analyzer,debt-stack-risk-analyzer,Funding Readiness Widget Pack,Analyzer,Get Audit,Debt burden risk review for funding leads,Widget + audit offer,Create risk bands and flags,3664bc1b-d63c-81d6-b142-f45d00ec3c1b
SaaS Valuation Estimator,saas-valuation-estimator,Micro Acquisition Toolkit,Estimator,Get Audit,Micro-SaaS valuation and sale-readiness tool,Widget + landing page,Create valuation multiple logic,3664bc1b-d63c-811a-b0ea-fcecb253cc7f
Marketplace Fee Analyzer,marketplace-fee-analyzer,Ecommerce Finance Toolkit,Analyzer,Get Audit,Marketplace seller margin leak audit,Widget + report,Create fee/margin calculator,3664bc1b-d63c-8131-b530-efb24c7b70e4
Working Capital Cycle Analyzer,working-capital-cycle-analyzer,Funding Readiness Widget Pack,Analyzer,Get Audit,Cash conversion and working-capital review,Widget + explainer,Create cycle logic and recommendations,3664bc1b-d63c-8129-95da-e20a9052a2f1
Balance Sheet Health Checker,balance-sheet-health-checker,CFO-in-a-Box Survival Pack,Checker,Get Audit,Financial health review for SMB owners,Widget + diagnostic,Create balance-sheet flags,3664bc1b-d63c-813a-9550-c8f13479d8cf
Deposit Consistency Analyzer,deposit-consistency-analyzer,Funding Readiness Widget Pack,Analyzer,Start Scorecard,Bank deposit readiness lead magnet,Widget + funding CTA,Create deposit scoring rules,3664bc1b-d63c-811d-a02d-d974916e1b3f
Shopify Cash Conversion Cycle Analyzer,shopify-cash-conversion-cycle-analyzer,Ecommerce Finance Toolkit,Analyzer,Get Audit,Shopify cash-flow and inventory planning tool,Widget + landing page,Create ecommerce cash cycle logic,3664bc1b-d63c-8127-897d-df978b6b31bc
Invoice Factoring Fit Checker,invoice-factoring-fit-checker,Funding Readiness Widget Pack,Checker,Apply Now,AR-based funding fit lead magnet,Widget + provider routing,Create factoring fit rules,3664bc1b-d63c-81fd-b25b-c42a2ce29859
Customer Concentration Risk Checker,customer-concentration-risk-checker,CFO-in-a-Box Survival Pack,Checker,Get Audit,Revenue concentration risk diagnostic,Widget + report,Create concentration thresholds,3664bc1b-d63c-8175-b449-e1b3ab7b854c
AR Aging Risk Analyzer,ar-aging-risk-analyzer,Invoice Financing Toolkit,Analyzer,Get Audit,Receivables risk and factoring-readiness tool,Widget + checklist,Create AR aging score,3664bc1b-d63c-81f9-a675-c82e62058007
Tradeline Reporting Readiness Checker,tradeline-reporting-readiness-checker,Business Credit Starter Pack,Checker,Get Audit,Tradeline readiness assessment,Widget + service offer,Create readiness checklist,3664bc1b-d63c-8181-8fce-e827e734e735
Funding Application Completeness Checker,funding-application-completeness-checker,Funding Readiness Widget Pack,Checker,Apply Now,Application prep and document gap tool,Widget + checklist,Create missing-doc rules,3664bc1b-d63c-815a-8bdd-f58682112cc4
CAC Payback Calculator,cac-payback-calculator,SaaS Finance Toolkit,Calculator,Get Audit,SaaS growth efficiency lead magnet,Widget + report,Create payback logic,3664bc1b-d63c-81fd-91b0-ff9ab4266197
Financial Compliance Copy Checker,financial-compliance-copy-checker,Partner Enablement Toolkit,Checker,Get Audit,Review public finance copy for risky claims,Prompt tool + checklist,Create compliance prompt and output flags,3664bc1b-d63c-81a3-9d98-e1aaea509058
Credit Stack Readiness Analyzer,credit-stack-readiness-analyzer,Business Credit Starter Pack,Analyzer,Get Audit,Credit readiness and prep diagnostic,Widget + audit offer,Create score bands and guardrails,3664bc1b-d63c-811e-8afd-cc7f575c01ca
Contribution Margin Calculator,contribution-margin-calculator,CFO-in-a-Box Survival Pack,Calculator,Start Scorecard,Margin education and pricing tool,Widget + worksheet,Create contribution logic,3664bc1b-d63c-8103-884e-ec5b48612246
Business Credit Card Fit Checker,business-credit-card-fit-checker,Business Credit Starter Pack,Checker,Start Scorecard,Business card fit and readiness tool,Widget + partner CTA,Create fit questions and routing,3664bc1b-d63c-8165-860d-dcc830842a7f
Purchase Order Funding Fit Checker,purchase-order-funding-fit-checker,Funding Readiness Widget Pack,Checker,Apply Now,Purchase order funding pre-check,Widget + provider routing,Create PO funding criteria,3664bc1b-d63c-8139-8e51-fa5a90044337
Open Finance Integration Readiness Checker,open-finance-integration-readiness-checker,Automation Toolkit,Checker,Get Audit,Readiness tool for API/banking integrations,Checklist + tech audit,Create integration readiness checklist,3664bc1b-d63c-810d-aefc-c0829a462c3d
Shopify Payout Health Checker,shopify-payout-health-checker,Ecommerce Finance Toolkit,Checker,Get Audit,Shopify seller payout risk diagnostic,Widget + funding CTA,Create payout-health score,3664bc1b-d63c-8107-be05-e45a76f172e8
P&L Red Flag Analyzer,pl-red-flag-analyzer,CFO-in-a-Box Survival Pack,Analyzer,Get Audit,P&L cleanup and finance ops diagnostic,Widget + advisory report,Create red-flag categories,3664bc1b-d63c-81bf-a6a6-c42e6402b22e
